image,target
aadawlxbmapqrblgxyzarhjasgiobu.png,0
abpxvdfyhaaohzcrngcucmhffwizxs.jpg,0
aclkjfvackiieiznzfcwienplielrj.jpg,0
aelkivmayxgsdjosiibfgmkvfrjvjk.jpg,0
aelzzshpfxerelefnkatpczktuxjln.jpg,0
ajnjnkvstqesvfohaptobyasrkmcnq.jpg,0
akkydnvilgvzigllmboonbqbbioocs.jpg,0
akvjfjhgayyjwrqrczjbeyoqhhajis.jpg,0
alcveyvosnywyjbmngolmnblftdoje.jpg,0
alfuzzlrjkdrrzauiswqnuvpvzfluc.jpg,0
aljnaycepveqbedxhsklixyjodpcho.jpg,0
amvorhijzrsihdqvyddkamjdyuahqm.jpg,0
autvannlbggmjsuhqbnnffyhrnyyhp.jpg,0
aveecvuafgubjfweqsfyomjgyazdxs.jpg,0
ayqcgikqwwnikkwdufxnxhfixdpelp.jpg,0
bakmhsflobtjjwilhsiqynhmnrjjnq.jpg,0
bbolakporoaeojpqandvajgrojnkaj.jpg,0
bcqfficwazmpxairlfnchvusputshk.jpg,0
bctvvfysokpohqxzngbuuaugtgtkov.jpg,0
bfjrheksmajsxlorqmwtpwjonzkyiv.jpg,0
bhczfsgehqldydadvfldnunftxzfdv.jpg,0
bihlsygajgvqsywzkpfbmupevnuoqh.jpg,0
bivegebpyjsmiaylkruufjevjxqydc.jpg,0
bjlwcuatbrxhdxocieancqgdlgqnma.jpg,0
bkhjxlxizjiychukanlstfpcodlubc.jpg,0
blgzlxqgcpxulfwfywadwbbeptqcol.jpg,0
blmgakpsirdrdnimkjwdnbusgactzx.jpg,0
bophtvssbpnmzkxfxuvupbriwazlcz.jpg,0
botfdlboeryhmfxctjvzbqriqyonuv.jpg,0
bqjjodotjhmmchkiityjpmglknkzdq.jpg,0
bqudlucapxfguiydzopfdvuasiwscs.jpg,0
broomszdrrefxhmthsxwurzfuutkft.jpeg,0
bucfsqoezlveinjzzyyfiianjzrklf.jpg,0
bvrbztwngoiduyhlrnxnybuqamwdjq.jpg,0
bynakhmyescxfghpzliqaaewgtlhas.jpg,0
bzdueelveubapkgmqbhzrerdmvbqtz.jpg,0
ccliaukfdmqskirlsqaemkdtziyhos.jpg,0
cdugozukojbkpzksazbxqxnpxnoxts.jpg,0
cdxocpqismtjtcoiqncmocnyhqipeq.jpg,0
cemwpmilmtzyyvpoxxflruiyubdzvc.jpg,0
cetwookalphtxhtbwgcpzfjpmasfic.png,0
cgnarbagkiqkuvnbgidtpbpzlxxzzc.jpg,0
cjbutauggylhztvnyutbozyfqaealv.jpg,0
clcluoyktakfjgcjyjgbbrhaxjkanl.jpg,0
clibkrbidguqcugbkymxqioqwolsvv.jpg,0
csaamuupuegbgkdvhihaucddwkvgcg.jpg,0
csrqrzoyceubuehyicuwjisnsvyfuk.jpg,0
cxnmwtwjlhvwljnwzdyucnlrkwmzva.jpg,0
cxtbkqwdjxgxlieyzzfokybmrynvzt.jpg,0
cynaerknbrqzwlssknbvxqoffjfmqa.jpg,0
cytfwnqddgfmwopldwoyzfgvdshchj.jpg,0
czfaqpiyukmerduehjkdrhkhtqxbia.jpg,0
dbuvujopjxofqfcsxghgeruyrhqamf.jpg,0
ddmvffnxrrqoftjquegcfyynvbpioe.jpg,0
dfbqqsvocxgkdljrvnnztyvaexmxgp.jpg,0
dgzjgjduiwcejpltzhhsdrsfrfwbhm.jpg,0
dhcyrecupnqhsmwidgcgghdvkmlsfi.jpg,0
dhxbbarhojjiuoacxyzdtayykriavi.jpg,0
dihlagwlolbphxxdxmfbsmaeqqqcgs.jpeg,0
djdsobvkfuoagxivxpraiusgzjozds.jpg,0
dlaaovaxfeqezvculovoovlyakhlgd.jpg,0
dnzsxkpbmmtytvrlklmnbprbcwysix.jpg,0
dobrsakjzqfkkwbuvhfpxgjynstyjd.jpg,0
dpnnhtmzinfjwzxeihghlsaugrseso.jpg,0
dshtrcyfhcxdnmqcpqaachrxbmraqm.png,0
dthpinelztapoyhclbpyyxijcqcsyv.jpg,0
duythftfcibydcrmobngveppsbczuq.jpg,0
dveocsyrdwmmokqvzmherympxsnhjg.jpg,0
dxkxrtwzulytuhegnxjznhxxsqdvjt.jpg,0
dyintomnapqkperdaokbxbsyrgiadi.jpg,0
dyjtodxzlakemnjmxwcvxezykwmvoo.jpg,0
egmlopponygomfuzzhzoextlxzgkmo.jpg,0
ejmhvjdcgulaxvqqwyuwabbwqjievn.jpg,0
ejwoiledjlwunsjpnuquukzkjhalov.jpg,0
elajrsvrogkgcerlrfjvwgzqdzjumg.jpg,0
eoeatxoppisxmubbwmpnabjbezizgx.jpg,0
eofsqiwaevaeqkxjdayeeyzhliteho.jpg,0
eowgxpfwjhfpfvoytzlejmtyxegcfx.jpg,0
epicmexrbnzcoykteovumnjlpeeejh.jpg,0
eqhyxymtcmsvgesckcrjowyebhnohw.jpg,0
eqycjhiuvqojearvldxihxvmrajwtc.jpg,0
ethbvskgnyzyuirqytshhzvyzbqjxv.jpg,0
eusetdoazbgklyqcezwcacrokjcufo.jpg,0
ewrlffkoseneqgraxwhomtlwxiwekb.jpg,0
eyavyurhmycfumwdjnvvxenleadrcl.jpg,0
ezmnotqwlrngiwgnwbaheeoueyxvny.jpg,0
fefhbwjojkixcapyhinlmsqvjyhjmk.jpg,0
fhggkjdcfrlbgjgdohqetzvtzvzwox.jpg,0
fhhipzleexntfxjqfztvtikwqlylfz.jpg,0
fmkdsmhmklnzkownqsschpnomjedlx.jpg,0
fnefuqqsicuqfsymibosjdjwawrmvq.jpg,0
fnkfsdjmdihrmynpqxmnrwzxessrdc.jpg,0
frpsiqoutwcdsluictnefqjbnhaojr.jpg,0
ftcupseqywfpqtfftqilalhmaanpcv.jpg,0
fuldxhllmyyhygdvrczspchtlwifqm.jpg,0
fvitugrhbmzimhnlanfwqhnmtovgob.jpg,0
fvlynglrxqdpvnhnaojggecbomqvbr.jpg,0
fvmrktruwpyzblmwwnubraikddamol.jpg,0
fvvzssylplidrbhtvshkkfflzatqsd.jpg,0
fvyderokisqwuoqwuaoadkkvtfoeya.jpg,0
fwjhmiqtdoufzyyzkjzxrhzdwkcedo.jpg,0
fxrmuuyabdjwnsveyuijcliwmywezh.jpg,0
gadijdxgeinztdiaolvtceypzbvlam.jpg,0
gbdwbyuafezgszupikmwrdivflidna.jpg,0
gbfvanqxwaqvwzxuqegqaompgvsamm.jpg,0
gdkceqpjaozdsbfuaapadetsdgsoyz.jpg,0
gdwbhsehebmpgcfbndlibiccryfxid.jpg,0
geadhikvjfcvvrtszjsxqnevbdvstr.jpg,0
geaxljqcgthkjujpgjqtinitobfjqe.jpg,0
geszfskhujvpyziumhlqpgptmpajtt.jpg,0
gexghbuikqpefswrouipqfgvkzdkzv.jpg,0
gftflwiwqrswxrpccfpkhdftoajcws.jpg,0
ggqkntfyrhgeizstqrxlhhpwvjykbl.jpg,0
gjppsnmwvegpfaotczwscojavigasa.jpg,0
gkxlqxmuohjzxzweewniylzaxuqiit.jpg,0
glnkqsehtsemwxgfcabdouxnguoope.jpg,0
glpbrbtkrussrnfolvxynzjdfkvbin.jpg,0
gmocqhzokvhyrkohiraxixdbmcscjq.jpg,0
goxowiqsuthbriuqxiespbmeegqkvf.jpg,0
gppgpyeceknjakxhnvcgivtzqkexdt.jpg,0
gqbziiohphcmauvpfwlcpyxqqapghh.jpg,0
gqyjkyvhkkgfldgfvrkwvogjnganlj.jpg,0
greuliaymizfmfvngfqmrbzayusphp.jpg,0
griokgoxjwgbtlffxnqnoefynizroa.jpg,0
gsphpflowsxvbzmqoehtwimxigmexc.jpg,0
gtydqhzuwwcebasjexbrajitsqhnfh.jpg,0
gvykagbusbpbuzcvkftzaatczcevwk.png,0
gvzjodvhueivloxnomfhmpmcdbzvap.jpeg,0
gzmiyxrvuprhvkmnckztiadtirmwrj.jpg,0
haghwzucuaiwbeuerzxnrnflkytyqu.jpg,0
hddqpruzeyfpuemmkrvajzewjauqbg.jpg,0
hdftlvovpcycpipsqjnfxbzuvmlnlm.jpg,0
hdmcngrvtgikfstjgrgqfotraeffgg.jpg,0
hepwugnfdvxafszdjsdmscpcvejipp.jpg,0
hhirnwzcfyhnrwbfjmhioqyosjouxm.jpg,0
hirjzqktwfoauvblgqocpnrhksqdih.jpg,0
hkftgcijkghprpxyuknyfimzjlzpde.jpg,0
hnmbjysdtuiasvlabvnataindypuzu.jpg,0
hqxkkaletsjpqenfgprderxwvvdtwx.jpg,0
hsyezwcpciffcupbkadwtcqpxhlofh.jpg,0
iczzwmswptqjkzgbczxmgewfkfbfbn.jpg,0
idardcfquyazdghrsrbiyujmguzxnr.jpg,0
idnwoyvjflsoiwvbcleokhdfgdwqng.jpg,0
ifhrlfbitalzvqnfwqnuudutpbfpdq.jpg,0
igulitrigxyyzhhiduazzrwydlqrcv.jpg,0
ijmzxmoihywxoariplmfexcmexsibs.jpg,0
iluwkwmnrgiouhirnkfdmhnczfxivc.jpg,0
ilyczntkhdwwqxgayvmewwrvonzokc.jpg,0
imkumwldsvcwkjbhwglebnqtgjuaqy.jpg,0
imzjoogcbcvsgkbekgsxdfhxdlodgb.jpg,0
inilzqtajpxhdbqrrrmvnhrzmevhkv.jpg,0
ioafahyushqhdpfinjvuormfkchmjf.jpg,0
ioedeamftahwmovcpgigwnypdhykwz.jpg,0
iosikwfhnhmqdvuymkrdeatakkdryd.jpg,0
iqpspkpytnrfnnxpbdgulrpmdssxvv.jpg,0
itsfoylidpuiehheyisjrssydwpkjs.jpg,0
itxiomwebnkfodztausaduxyrhgfrv.jpg,0
iurkzngzsfejzqwpvcogoamriplacq.jpg,0
iuzfasnekvmbbmtqetpnmrxcyopfie.jpg,0
ivhqllncotctfxttkqqvwamkdeokih.jpg,0
iwgumsxpuxzcolrrnfwkqidfknzjic.jpg,0
iwrrnosiwxykcwfnzdnephwjeynjvr.jpg,0
ixbtflbbatnitjiveitztqwnjfvidt.jpg,0
ixnarcfjcjzduyghjrmbpsezuhxdeb.png,0
iyyhdzhpafxpjyvrqstdlsvnhqntqw.jpg,0
jaypieocqkwftzmbzsgrkttchyhpaa.jpg,0
jbmhymhbpiobylwbugudyfpnkmisbc.jpg,0
jcqewjmnixvdytkvwuvgywcblhvotx.jpg,0
jdiamrvlvhyxhouxlkjrdcfoqbtzlf.jpg,0
jdmorbhddqxvqofbotgldacezkmyjt.jpg,0
jdtkbagujtkdseprtglztarncdxzqt.jpg,0
jelzmmcmozeaeiswvdkwcltfccanwg.jpg,0
jgvemmdihzkjgodvehrlpacstjwnbv.jpg,0
jgwawiynmntnlhhwckjlqtijvnkjff.jpg,0
jhhjxctcsxlujwhoprnevvfprddnjs.jpg,0
jhvehfryklsushrvqiyjrxtybsyxjs.jpg,0
jhwecyoxnwdqysddxcjogbvlhjxrfm.jpg,0
jiorwmlthejgwwbnshbuevjaunqbku.jpg,0
jiuvimokosuqcqgxsjrpepfrxnudvl.jpg,0
jjqgfnkunxqxwlrjxgakwcukfoavym.jpg,0
jkutvlbzwibdltuythhqtweqazglok.jpg,0
jnsjofyggzkakdsxxmptabbiksbuty.jpg,0
jnzcxqykfzbkbbgyscanfvxeqyruzh.jpg,0
jqgkxlfpzrktkyilfyuhhdyfsycanf.jpg,0
jqueszoqlgzwqzksmzanznuieydnyy.jpg,0
jsrbntbtdheogzmdzhatavcmmarvgl.jpg,0
jvcaprbropasegknsisprgwgitcrpi.jpg,0
jvpejwtddpkhiqhcikzoaojczgdwfz.jpg,0
jwdjkvvfvggphwhqatmbkjjlzdienf.jpg,0
jxtfudtgjrjafphvpcpyzvbjzkedlt.jpg,0
kajnfbinymxwelbpykfzurocazkajm.jpg,0
kcnlgwxftlpioadzfmayiitkbnkpfq.jpg,0
kduwskepxdwxdgfzkgnfnformtkgzg.jpg,0
kebxzepgnybcvtvjqohjaclvvsqjgo.jpg,0
kfkptevnxrhoofzewofglxzxgvkdcg.jpg,0
khvoycguuitlcpjxdflbkdgyzaoexh.jpg,0
kigglxwgyxssmujauixjszahnjctrd.jpg,0
kjdbifjcnzclwxadgtmgafbcylljhm.jpg,0
kkgjefxvtjfypjsjgyhshrutwhgdml.jpg,0
klkerkiflmmwcuzjqqkvhbrazosuzb.jpg,0
kmxjicdqvpfpvrhqukkpumdscvgnob.jpg,0
krnwchletlzkiqqzgvdfhwgcweukol.jpg,0
ktfusajinfwbuflriajdptixqssvun.jpg,0
ktmunasppplitpubmrdjbiqyuaibnd.jpg,0
kugkqjdlyxywogtbietnbvcmpjllwx.jpg,0
kujdzaccxtihhcwwvsnuublztrnzie.jpg,0
kvyzgviirzidxoawqeshlagmfmaqha.jpg,0
kwufgmdpyknfvezeytoywortrtkcha.jpg,0
kxcrhxbyxvhqnwqwqoqmaafwikuegm.jpg,0
laaqrylcpzmanpcdilwteiuhetchzt.jpg,0
lazlpqdyqxvdtgtfuwkcplrmtcoeoq.jpg,0
lbvuqszvcwajhzclogpiprfgxiswpr.jpg,0
lckpbjorlzqrhcccowfsaltairdvtd.png,0
lctzakuojllwuturyhbsoyexhyrhfb.jpg,0
leibivudzejijilbzmjwyqcgnolcbb.jpg,0
lhiwujhlwspbbgqydwewaioirumkri.jpg,0
lhrglduisvdlcgjiofvkkhvdcuaenj.jpg,0
lihqabxpdhfuuctwreixqcwwmjdvkg.jpg,0
lkzjcblzskcxgdzssgiasoddrrtouf.jpg,0
llecnksnwfhbpbcjzzijseaoxblcbo.jpg,0
lmdcsyqhjxxvdfzakuhxxmcrwmqkjj.jpg,0
lmrbtgixyoyrpexyiydyqjsexswuxr.jpg,0
lnulwsjdqnzkuyyaffwimadgavuwan.jpg,0
louklilbbrpqodurfzvvejxglgocwi.jpg,0
loyubqchniltkypeilmzrmwjnvjeiq.jpg,0
lpozqsannlntslamuxvcfpbjttiihl.jpg,0
lpxbhrpimmbsyeufegmxiuobcblwen.jpg,0
lqfnxaohuxlvexjgebyyoyvcpvfzte.jpg,0
lsdynvygkfyqehlpwbqammadxmsctv.jpg,0
ltuibmgnhtgsfugypuufvwrqprxtfk.jpg,0
lucoklnkqcjyrxyvbgnarqspgcwrku.jpg,0
lwhltrzhopzxcxkmjnepvkfkuocyyf.jpg,0
lxxlzvrdieuyvfkeshxuisxgormmyq.png,0
lyousdaviagybwamxfwdjpjfevopkf.jpeg,0
lzjxvwtdrrtwjceqgmucfpngihgdxm.jpg,0
lzvnzvftxmsgfnxqriwbranxlyjumy.jpg,0
mawbecdfltccgqymuosaxqmntvllvm.jpg,0
mbekjxyxdchvessngkvjexxfyqdrvv.jpg,0
mdwgptlsdcgkglflwsqseheibugref.jpg,0
meqeaivcxrtyjjlaaysnjeytrmpqmg.jpg,0
mfkvaqtdkxcsozmtzpeavslszhkbvv.jpg,0
mhkqlunhxjqrrnpjvwfklbzvwtrhch.jpg,0
micftikbkvjlfcuknzwfbjpjdhioxe.jpeg,0
mlkbwnogazpkcxpcdaluzexzhvbsbr.jpg,0
mragkclknhcnqosdkuvchpjdrjofso.jpg,0
mrytehdxapzyymznjhvbvkhutalisi.jpg,0
mryzptvsvgrisoimspvdugeepobqkk.jpg,0
mthrpqxgvwfdlksknvymngogpppnhp.jpg,0
mtjmylupexliggdaqvuamtttjbizro.jpg,0
mtkmqoxjnmplockjwdilejfsrxcbvy.jpg,0
mtqtvazpnlsfwlreocalqffwosonni.jpg,0
myruvkfrzwvlkxajpvfhdulbdsqucc.jpg,0
mzaawjyklcynlmsxhziexrqskewnsl.jpg,0
mzvlhczvlelzrkrgyelzjcjtcssgpq.jpg,0
mzwwwdleaormcvlqonydhzypbhqehq.jpg,0
naxcngaxukhslcyoodkgkegydlzjnu.jpg,0
nbpkndryqyojnydlzlnfibqdhnsjzo.jpg,0
nfxhlppokdjomdwvjweudtpurlmwnx.jpg,0
nhbvrxtecdhhvyyzdjumuhxwfgsnqf.jpg,0
nkexoipjsbhmytzjsnvxpkqhdtqidv.jpg,0
nlhevzkzseaudpnhbawmmufkxnqyni.jpg,0
nlmpasjsptsygvnkicmsroqwepliof.jpg,0
nmorsdnxcjanqzfyfjrxbvumnyihft.jpg,0
nncgaofbnlhkcvnvhajmgrxpomzzba.jpg,0
nnlxnagizcelrbzdeqpxyonlfardpk.jpg,0
noesixortoazgbkeukqoveyibvaxrc.jpg,0
nqhxoimohubxlnbgxulnralrtxyfwo.jpg,0
nrlywwygzrswfdbhjvdtakksrsvjgk.jpg,0
nrxwgfqqltfxrotfkykgknzommtzdd.jpg,0
nujqgvjxtkvnopkfyzciaziyjndntp.jpg,0
nwikmsqexytmdgyumqrfomreztdxxz.jpg,0
nxigjkucblcrgqfmwcwritnrmcjsgz.jpg,0
nxkricypqzyjopipbggbupjyjlyhtj.jpg,0
nyqzmqlebpyheacmxpeacxszlgxagk.jpg,0
nzhtmzjahmnlycpchimibdygcdkcnz.jpg,0
nzpfwndzpzskokcaqmsxlqjgdyrmhe.jpg,0
ogclzsfhvbloezgkivpedxaldtahzl.jpg,0
ohiszivnnrkglfcpkvgqobmozjgrwa.jpg,0
olvntotfzczjpihgsmsrdshaphevzh.jpg,0
omdjxmhixkgnqsvczwkplpjivyvdbo.jpg,0
omgrzbdrlptmmwpudagcrctzvznrap.png,0
oojheezdsmrbzaxtpeapauytvovivl.jpg,0
opdeeeogjakgkmhchcmfcfggxpcszz.jpg,0
ornhixchukzqnrcisoodqytmeeqplp.jpg,0
orsoixyrasfxlkqzngwfasbadeydlh.jpg,0
orzwzwgaccsbeglnbxsitvpxcivdcm.jpg,0
osirultbdzsgmknbqrucggtqnfoljs.jpg,0
ovasoplwfuqqevywvgggocgxixnktp.jpg,0
ovyapwxepknnprboziljwxeskjuiim.jpg,0
owffonqaueruqlyakqnwwekvjaougd.jpg,0
oxtgwjovwkjybnyejaezfzqerhvpqj.jpg,0
padarkkzjbruayvwslkssxmumkrjsz.jpg,0
pbndybjpdykkiinslkpnepifijnsvd.jpg,0
pcoalfrhngfbattlzqaljgpzrmdiby.jpg,0
pdcxycqzkznkqntnqsmobdhagkfazw.jpg,0
pdpxzumgibtauzdnqjxumygocmkunl.jpg,0
pdsjckkmbslkzreqwygyjkeyehtuwy.jpg,0
pektafvzybcgssvemzxjypfzsriqxx.jpg,0
pfruckaftscryoyslnzsaqjlrntcdh.jpg,0
phbrlkorxtxgllwntzlgujplyffcdm.jpg,0
phpzhjjsvyqxouxeeaethnilycqdoz.jpg,0
piswtqhtpepgcmilxfeiegdqpofqig.jpg,0
pixwzsjkuqmcdyobcgumwetegmnyfu.jpg,0
pjtremwjwtxaqyzmyuhqrkszorrons.jpg,0
plcaliiefkehjeqojgsaiztfbluwbx.jpg,0
plhsciipiahwdvplstefomscgwxnje.jpg,0
plvzvjasjncvrchqwqdwhuzotiofek.png,0
plyaiuqsdfyiowewiorerysaomwoum.jpg,0
pmlzympeefriiyldejvguoilrtbczx.jpg,0
pneabcoxhrbfqowczgsexzharlezae.jpg,0
pomnzkamhxjwtrgalmkbcevrqlijft.jpg,0
powtvfvfexvzhhubxcczdvqmuwgtil.jpg,0
ppgimbjhcwxshiqofuziffffgvnnbt.jpg,0
puffqlvmnlfcwcplpgbrgkuhgkejnl.jpg,0
pwynnfibfpdkeeuzxjljusaieterpf.jpg,0
pxktxhdsuefrpwxtugwuvttfgmqvyz.jpg,0
pydsgdgzcvormzgjxmsqxgizigmnqq.jpg,0
qaifzcezpnxsemsninrdanxnrecgxc.jpg,0
qasruetvxhqscyidfqsbztqteakyss.jpg,0
qcjrbqnfsvdmyjwegjlhzzzwzfdbgz.jpg,0
qcwfppwrwajqvcjtzgadczsmjjglpa.jpg,0
qddqjbxtpsdrvjjdkzkycjbbrgpekf.jpg,0
qgseasopsvkydhuvnlfmzqbgjydsys.jpg,0
qipkjvcthoccixqxbsdcqgjtzmqvcq.jpg,0
qiqrvyhllvochhswibdzbsxcuyfcif.jpg,0
qjkcqczswvymlnybfyqxppcwciayzz.jpg,0
qlbqjvzglvxhtbjyjrfunwrurqrxox.jpg,0
qlbtwvbhuhkdoyzgfkmcfqwqjujjwh.jpg,0
qnpphzfhyjxoutunxsukftvlauzuug.jpg,0
qqakhuzdxoctiscdztnrzrffzgdvux.jpg,0
qsgsfxhekupbygbbjmhmgmheylbals.jpg,0
qskzbotijtjaphichunoesuwbybguk.png,0
qstbmncsmqsiwmnzgipyutolniuxjd.jpg,0
qsxfaihdktxryqxchmdrhweaubkomf.jpg,0
qubxzzlnsdvcesxfodgkfhnckwewmm.jpg,0
qvnxjxzghixyyysszioajgjiexgwzh.jpg,0
qwqvucqqtmtobwedwslipeohnrkuwr.jpg,0
qwylrrncmfibtlszybqsofemgweggl.jpg,0
qwztxkkzraedpivehqtrdcfdcrrsse.png,0
raoltfuznhttwcfpscjepcqakdkmey.jpg,0
rbztrgnugpkdoaxagndgdjbijoqele.jpg,0
rccyeivmdwnblrlijjuyvzyxslwuhh.jpg,0
rdwfgwuicmbzlnqhtyhfemjzmpyrjm.jpg,0
rfbvqxxqlifrbwhfyopkxalfmvyhfy.jpg,0
rjcsevtxucgtrcxvvsblkrakusacxq.jpg,0
rjidoxfzbxyeffhrkzguqdqksvwtpa.jpg,0
rjsayiylvpblfpjzyxwnejcevzncpm.jpg,0
rkpymadccynfoyvmiftgekkfbbbhdi.png,0
rqxlpeljjhhifqnlrywertwvzywynb.jpg,0
rrrncyqvyxkyshtdtxrtzcmltgpugh.jpg,0
rtnaqoagadatjgbczdaehqawjeuxiq.jpg,0
rwlnkupbstmcbxurjkntrubebavmjd.jpg,0
rwrhwxbhdpdvlaxkattftklqiorcpo.jpg,0
saqwjlvhyizasymcqwuumkayyalabr.jpg,0
saxrcfliklfijsofesenfhbpipucza.jpg,0
sbjiktnxorfqchvhvtresgziklndbw.jpg,0
sceudskpqcmpiutrvrjvwzrlyhusve.jpg,0
sdfklgwygtjlxmwtbggmobikmuuzaw.jpg,0
sfpwptgynidjmylpqeukgkhzqcitgm.jpg,0
shtuvrpsdcmoaooaeitmnpuckoaraa.jpg,0
sipovcjjclpnpgtcypjziplmmnzblp.jpg,0
siqobtmqebviudcxtjszqquivmzvil.jpg,0
smanxydzpnqbtgyhnkbkqslunnvvyg.jpg,0
smoiczjaouyiefhoizeyarkxzwutbe.png,0
smudegzshenddkbjyxihvwjdrensex.jpeg,0
smwljmgvodmaektpwpvsjbgbemexkz.jpg,0
snqqviwsotitwwrblhtiabhvphphqw.jpg,0
snylansyoagwhxkcenskjanfkgpigr.jpg,0
sseuokumxzgersmrlhofzkzgrkozkq.png,0
ssidykbqfofxaqtorcftxaxtusuyvc.jpg,0
sslssipaijavmhtvbrixtbgwwnlshu.jpg,0
suvnfydgvqcgdaxlsazlxgubymvfhj.jpg,0
svegbhuohnflowxkhjvkrifgmxextf.jpg,0
syjhwwdrvsqvhmkdfyfmggthjmkvzd.jpg,0
szycncebucycdqljwiolfshxndzpcm.jpg,0
tbjzvqedthirsztsnsjkfrdgroofmt.jpg,0
tewzkpvegeenvrdteiupwxlvyjyffy.jpg,0
thxqsrejgecdethcqecanudtfofcrh.jpg,0
tihnjhjilrcolmyupysvxjvqbqhvzr.jpg,0
tkekamvpuqgwyxgekdpmbvarytgffk.jpg,0
tkudaszaqtrzmyypabwhwanaqqdgsn.jpg,0
tldspzpkenscsjyokedqawzuqdbjfh.jpg,0
tlqprwlybfxysvhrnfgnplgbqgsswu.jpg,0
tmthqtrdrzwgadmsftvwpwlssemeic.jpg,0
tnptubiwafwpnymkaaudzcjibkzfgp.jpg,0
tnvtseaxgaeuxslabsyczpucoervej.jpg,0
tosutnsfkotuhlqcxkyartdjribecy.jpg,0
tqpfjhcqdnetwghsusmzymjepbdnds.jpg,0
tqtohrbvnjhvqqpkcpqxihkomlzddz.jpg,0
trvmaugxfpnagutconbyismxjoizzi.jpg,0
twuombcbchukiltgyoxxovvpqidulj.jpg,0
txjtghyvfckkbeihbmqcamrwmhfwfr.jpg,0
tzwrmkyyhlxjrbedtztknvlrgdmnfq.jpg,0
uapjecavqzibecgdvrlwiabgymtvdt.jpg,0
ueexuzrrjzajyeojqfmglknvpzgzad.jpg,0
uemcqcfhactlnpdguyeqawxiarukdn.jpg,0
uemcyhtssgjcecjovuzrmvkxqwmldt.jpg,0
ufhysrqbbzlrqymeekhvxkoqeyxbyo.jpg,0
ufjcnzoabfdevufathmxztkvmlfgmd.jpg,0
ujdigrxiqfjtzrjgfwpvtjsxtviztq.jpg,0
umgwufightqsnhtjyfochvdnrcsccb.jpg,0
unkvelhemzsndcplwwcplvzhztcllz.jpg,0
unwndegdcmlinkjsprkshhnpomqvwd.jpg,0
uoqujcamsyjwlwoztrnvutbgrhdtkx.jpg,0
uqpvmjbjlwceqgltplhvdxyinayphz.jpg,0
urdgcrihebtothfemyxubtwpinualu.jpg,0
urfpnxaaxslypipkziqixilgvtitse.jpg,0
usdqhnysmqfjitrxqnfxkureaphlsa.jpg,0
utjaezxnmbadaiqjqgkmdmfdzqozqr.jpg,0
utqrcmliuqbblbxeacpcofcsxvhzgz.jpeg,0
uuapkpltdjmnmxgttzdtgoewvtdmkf.jpg,0
uvxtmvpwvucdhkyfjuqzrnxxgecptf.jpg,0
uxxhcjkukexpxutwqbvdjpgurqmwli.jpg,0
uyoqejdoxyisbuqsbwjwaecqutvtwg.jpg,0
uzfesehhvhqxuziizqgipuqbvjkarm.jpg,0
vdntoytydbayclzrqpfguwpzhplhvj.jpg,0
versewmzeguanbftslpjlyrupgqobt.jpg,0
vhwotvbcqepkhmhuhqvbdvahsixptb.jpg,0
vivqwqshafxumvxojbcouebhpjitvw.jpg,0
vlpwwjhopipwypxltcstohkkjgudbv.jpg,0
vluqtgdfiywtuveucboijzbanifapn.jpg,0
vlxbaplwagipvtfkcjbzapysqmffld.jpg,0
volxwqaiygijoxnemgujucdvaxcmla.jpg,0
vvbpnstpnzspemzfccnfftwnsyfosx.jpg,0
vwnowxqsikzzgaupttmtfffkbprphp.jpg,0
vwqrhobzdutxipuwgssuzjbhxumbod.jpg,0
vzqbztrjuoyuzfygogzutjfvnppmpi.jpg,0
vzygdcxwtgrkwsimilpsbttbchwjey.jpg,0
wbbujdiznmyiiqjwpjymtypyswyumo.jpg,0
wbctqgrcgqwhbywsikdklrtbmrplim.jpg,0
wbfrwkddjwawzxnikfrpffjxtowjhv.jpg,0
wcjujbvemumhadmwcgkgwahqmrhoif.jpg,0
wcnsyehazqxgakcdbtyehtkwoiwppj.jpg,0
wcydlpgrwjmptowavcltpotjbgvxhb.jpg,0
wdlioyaloeejrcvmjpixqoczoesuns.jpg,0
weipwizxckxeagywuilohlxktcrypk.jpg,0
weubnhdcwsklnxmbaoetvbzfistxwg.jpg,0
wflunumlnfgrpwisuymmudqnjobspo.jpg,0
wgkzydvcyrnzspiukwtrbmwptujyoo.jpg,0
wiovvusmzmxindaealykgesxwwleql.jpg,0
wischoicbrogjyfnhdycphsaneiuwm.jpg,0
wkvfouqvychfqwsmjnhkraowobkxgy.jpg,0
wleebloflbfqkneclgoekidfidccim.jpg,0
wljliaaphisemiemsxielexjlkirlv.jpg,0
wnwkpbivybsvhesdkadymsqmqopfuy.jpg,0
woazdfgnjkbxcskuamebaxedxhpszi.jpg,0
woobvdyoeohahdgjtajoywfsxmtijg.jpg,0
wooltgxaythwvbtdoruodwvmvbrpfg.jpg,0
woulzzpagnqwxegofpdnsxbytvjdki.jpg,0
wpiddqgustjsgnzcdoykwhecjmfsbo.jpg,0
wpsmdmlakitjsnypxeecpajkecrgqw.jpg,0
wpujnxoeirxcyjiiezydfkaxksrdwg.jpg,0
wqzkxqasodsnxcugavcqsuqmdwqfoa.png,0
wrtiyoywiyiawtrnbizxykeqjoesmb.jpg,0
wtcbodbqepiirrtgpzclqipkojxodr.jpg,0
wwgnzvefvkhqgcvgzvucdwslmhqdfl.jpg,0
wwibybtbnrvydizirztvgsbuulpouw.jpg,0
wzdhiyzvbjlpatadxltwukvizlkpfi.jpg,0
xaufwjptvdpofxbuefzpcbjdgurmov.jpg,0
xbuuveyzfnrozevdlhayiqncadyiof.jpg,0
xemgrytlfzpwpxlpoyklejnqclztru.jpg,0
xfnuyuiibfvnhcxneinujhzmxyffdn.jpg,0
xgfrghdwyumnzdvxsuzlehyruvkita.png,0
xjngjjhzpyhxmstueplojbqreasnes.jpg,0
xkdueyinwrnlyioamfbqqymynyyjow.jpg,0
xklxzfuxkxgykpuhuzzaldbdjhcydx.jpg,0
xkoqrazzrpistsmscyvjarmiuwljsd.jpg,0
xnyhtjljydambkxbueqmgixbainqrw.jpg,0
xpivtvyweotwypnjfaenuhouijtwrj.jpg,0
xqhpwicnsoejqslgrlwvntqhqdrjjt.jpg,0
xurcoxcuznkvnyjhrqrtjfnrqqtlby.jpg,0
xxirvsjxpsdmicscgrmpcczbnrtoek.jpg,0
xxpzhbftdvltokjuzrdiuksfeynqlu.jpg,0
xykoojgoemrcfmvdobwvlurbpoikpq.jpg,0
xynfggwypiqaesxayyvjlqfmhsvnlo.jpg,0
xzcvpmdsnwcmeooidiemxzofsvqrvo.png,0
ycdmtgjjzxhgzblmjrujqpemeqksch.jpeg,0
yegdjxoapgowmbnvlrdryvaecnynya.jpg,0
yionojckwcmjxtjevsvpmjezycmilb.jpg,0
yjncarmoymzspzoiuivzecdjjxnitj.jpg,0
yklgcnlafkcgjozrkuzbebbsggluus.png,0
ykmaworjsfbglvakdrsbqhupjiqkhn.jpg,0
ykngxpgtimmeszcxyntqujxyslvkrz.jpg,0
yknhljrexjerzopcvabkfobfaznbce.jpg,0
ylqsaoehrinbdgkmyqobrytabqvqad.jpg,0
yncgdbcfbdpippiqjexosicvuxetik.jpg,0
yoljgngorsosxyvpmflodycbrzlojm.jpg,0
yqhsjijloqxbrfjzbqnasiqfqyvgjq.jpg,0
ytxadvbbcvbohxmbtvnyepjzdskwli.jpg,0
yurmkbqrwlidqgbgeeszgsuzzizhtv.jpg,0
yyvvnujfgpfcpcgwdyjfthnlycslkk.jpg,0
zdfiplzlfcwkyfucjdtkskjxjdeavq.jpg,0
zesbxhcglwjpplcmsfntcpummkbhfz.jpg,0
zgigmyufwdfgxuspzppusdfstysjfs.jpg,0
zhkdanqqseexvicplcyekiwjqqlhhz.jpg,0
ziseknqemrbhawedjdyxevolrwumkq.jpg,0
zjcrlegcioljqhlaowlaklxwojfpil.jpg,0
zjlngjlzjwonpqhiiztranntupvtom.jpg,0
zkmcdlytdocncvgmigqhklfvjqwrni.jpg,0
zkpcokomrmpbncplmxcklnvgaabmoq.jpg,0
zndfvhigsuchffrepbzdwrlhgncmtd.jpg,0
zneawovpezfvxphxdlzgpjhllyxuss.jpg,0
zodcoeblnsvtuoftjlpquidfhnbtwc.jpg,0
zojvaryviuzftjfkmeazlzekvpdxri.jpg,0
zpfhbgixcctxylnihhrepjgcmjksvf.jpg,0
zuignwckjykxefmpubjpjefvhghaoi.jpg,0
zuxvwdblfwjpibjexgfglpyreqslhs.jpg,0
zvyajojutzgqumdjfxxkpiuuxeefyy.jpg,0
zynasgxnxnzqaallnvkthegctommtu.jpg,0
